time,bladder_p,ici,cd
534.125,6.306833391844319,,20.75
555.5,5.975527006766924,21.375,18.875
577.625,5.622764051373481,22.125,20.5
603.25,6.230464940916807,25.625,20.75
