time,bladder_p
548.375,3.2561890425015063
569.0,3.056445312256721
593.125,3.052210462852239
618.375,3.1881491287361454
