time,bladder_p
527.625,3.4557916110994764
550.125,3.3665774503116985
572.625,3.2050885263540776
597.625,3.600199975792351
